-- phpMyAdmin SQL Dump
-- version 4.4.14
-- http://www.phpmyadmin.net
--
-- Host: 127.0.0.1
-- Generation Time: Mar 28, 2016 at 03:04 PM
-- Server version: 5.6.26
-- PHP Version: 5.6.12

SET SQL_MODE = "NO_AUTO_VALUE_ON_ZERO";
SET time_zone = "+00:00";


/*!40101 SET @OLD_CHARACTER_SET_CLIENT=@@CHARACTER_SET_CLIENT */;
/*!40101 SET @OLD_CHARACTER_SET_RESULTS=@@CHARACTER_SET_RESULTS */;
/*!40101 SET @OLD_COLLATION_CONNECTION=@@COLLATION_CONNECTION */;
/*!40101 SET NAMES utf8mb4 */;

--
-- Database: `ilp_mpp`
--

-- --------------------------------------------------------

--
-- Table structure for table `jcalon`
--

CREATE TABLE IF NOT EXISTS `jcalon` (
  `id` int(5) NOT NULL,
  `id_pelajar` int(5) NOT NULL,
  `jumlah_undi` int(11) NOT NULL DEFAULT '0'
) ENGINE=InnoDB AUTO_INCREMENT=44 DEFAULT CHARSET=latin1;

--
-- Dumping data for table `jcalon`
--

INSERT INTO `jcalon` (`id`, `id_pelajar`, `jumlah_undi`) VALUES
(19, 22, 0),
(20, 23, 0),
(21, 24, 0),
(22, 26, 0),
(23, 27, 0),
(24, 28, 0),
(25, 29, 0),
(26, 30, 0),
(27, 31, 0),
(28, 32, 0),
(29, 33, 0),
(30, 34, 0),
(31, 35, 0),
(32, 36, 0),
(33, 37, 0),
(34, 38, 0),
(35, 39, 0),
(36, 40, 0),
(37, 41, 0),
(38, 42, 0),
(39, 43, 0),
(40, 44, 0),
(41, 25, 0),
(42, 21, 0),
(43, 708, 0);

-- --------------------------------------------------------

--
-- Table structure for table `jflag`
--

CREATE TABLE IF NOT EXISTS `jflag` (
  `id` int(2) NOT NULL,
  `status_pengundian` int(1) NOT NULL
) ENGINE=InnoDB DEFAULT CHARSET=latin1;

--
-- Dumping data for table `jflag`
--

INSERT INTO `jflag` (`id`, `status_pengundian`) VALUES
(0, 1);

-- --------------------------------------------------------

--
-- Table structure for table `jkursus`
--

CREATE TABLE IF NOT EXISTS `jkursus` (
  `id` int(5) NOT NULL,
  `nama_penuh` varchar(255) NOT NULL,
  `singkatan` varchar(45) NOT NULL
) ENGINE=InnoDB DEFAULT CHARSET=latin1;

--
-- Dumping data for table `jkursus`
--

INSERT INTO `jkursus` (`id`, `nama_penuh`, `singkatan`) VALUES
(1, 'TEKNOLOGI PEMESINAN CNC', 'CNC'),
(2, 'TEKNOLOGI PLASTIK', 'PLASTIK'),
(3, 'TEKNOLOGI PEMBUATAN (PERKAKASAN-MOULD)', 'TDM'),
(4, 'TEKNOLOGI KIMPALAN ARKA DAN GAS', 'KIMP'),
(5, 'TEKNOLOGI FABRIKASI LOGAM', 'FAB'),
(6, 'TEKNOLOGI REKA BENTUK PRODUK INDUSTRI', 'IPD'),
(7, 'TEKNOLOGI MEKATRONIK', 'MEKA'),
(8, 'TEKNOLOGI KOMPUTER (RANGKAIAN)', 'IT');

-- --------------------------------------------------------

--
-- Table structure for table `jpelajar`
--

CREATE TABLE IF NOT EXISTS `jpelajar` (
  `id` int(5) NOT NULL,
  `nama_penuh` varchar(255) NOT NULL,
  `no_kp` varchar(12) NOT NULL,
  `no_matrik` varchar(8) NOT NULL,
  `kata_laluan` varchar(45) NOT NULL,
  `id_kursus` int(5) NOT NULL,
  `id_sesi` int(11) NOT NULL,
  `status_undi` int(1) NOT NULL
) ENGINE=InnoDB AUTO_INCREMENT=709 DEFAULT CHARSET=latin1;

--
-- Dumping data for table `jpelajar`
--

INSERT INTO `jpelajar` (`id`, `nama_penuh`, `no_kp`, `no_matrik`, `kata_laluan`, `id_kursus`, `id_sesi`, `status_undi`) VALUES
(1, 'ABDUL QUDDUS ', '951216085565', '17214001', 'mpp2016', 1, 1, 0),
(2, 'AINUR FARAHIN ', '931213105565', '17214009', 'mpp2016', 1, 1, 0),
(3, 'BEATRICE DAVID', '930215085565', '17214136', 'mpp2016', 1, 1, 0),
(4, 'HEMA MALINI ', '930312035565', '17214005', 'mpp2016', 2, 1, 0),
(5, 'IZZAZUL MOKETAR', '921214055656', '17213147', 'mpp2016', 2, 4, 0),
(6, 'LIAM DAO MING', '950512085454', '17214095', 'mpp2016', 2, 1, 0),
(7, 'MOHAMAD SABRIE ', '921545021234', '17214060', 'mpp2016', 3, 1, 0),
(8, 'MOHD ALIF IZZUDIN', '940215085654', '17214007', 'mpp2016', 3, 3, 0),
(9, 'MUHAMMAD HAFEEZ ', '921205232123', '17212065', 'mpp2016', 3, 1, 0),
(10, 'MUHAMMAD HIDAYAD ', '931210058989', '17214074', 'mpp2016', 4, 1, 0),
(11, 'NABIHAH SELAMAT', '931012085654', '17214080', 'mpp2016', 4, 1, 0),
(12, 'NORAMIRAH IYLIANA ', '930215081212', '17214133', 'mpp2016', 4, 1, 0),
(13, 'NUR ARINA ROSELAN', '930825082525', '17214071', 'mpp2016', 5, 1, 0),
(14, 'NUR SALIHAH ', '930425085623', '17214131', 'mpp2016', 5, 1, 0),
(15, 'NURFARHANA MAULAD', '940623085707', '17214135', 'mpp2016', 5, 1, 0),
(16, 'NURSYAHIRAH JAMA''AN', '930410085656', '17214134', 'mpp2016', 6, 1, 0),
(17, 'NURUL SYAFIQAH NABILAH ', '920303061234', '17214043', 'mpp2016', 6, 1, 0),
(18, 'SITI SUHAILA ', '930109035232', '17214138', 'mpp2016', 6, 1, 0),
(19, 'WAHDATUL HUSNA ', '940203051234', '17214081', 'mpp2016', 7, 1, 0),
(20, 'WAN MOHD AZMI', '930403085659', '17214086', 'mpp2016', 7, 1, 0),
(21, 'MUHAMMAD ABU BAKAR', '931210108765', '17219000', 'mpp2016', 8, 1, 0),
(22, 'NURSAIDATUL SYAHIRAH', '951216085566', '17219001', 'mpp2016', 8, 1, 0),
(23, 'MOHAMAD AZIM FIKRI', '931213105566', '17219002', 'mpp2016', 8, 1, 0),
(24, 'ALY AFWAN', '930215085566', '17219003', 'mpp2016', 1, 1, 0),
(25, 'MOHAMAD SYAHRIZAL', '930312035566', '17219004', 'mpp2016', 1, 1, 0),
(26, 'MUHAMAD SYAFIQ', '921214055657', '17219005', 'mpp2016', 1, 1, 0),
(27, 'NURUL NATASHA', '950512085455', '17219006', 'mpp2016', 2, 1, 0),
(28, 'NUR QAMARINA ERZWANI', '950512085455', '17219007', 'mpp2016', 2, 1, 0),
(29, 'MUHAMAD AMIRUL RAMADHAN', '921545021235', '17219008', 'mpp2016', 2, 1, 0),
(30, 'MUHAMMAD AQMAR', '940215085655', '17219009', 'mpp2016', 3, 1, 0),
(31, 'KALAVATHI', '921205232124', '17219010', 'mpp2016', 3, 1, 0),
(32, 'NOOR SAKINAH', '931210058981', '17219011', 'mpp2016', 3, 1, 0),
(33, 'FADHLI TUPON', '931012085655', '17219012', 'mpp2016', 4, 1, 0),
(34, 'FADZIL NORDIN', '930215081213', '17219013', 'mpp2016', 4, 1, 0),
(35, 'MOHAMMAD FARHAN', '930825082526', '17219014', 'mpp2016', 4, 1, 0),
(36, 'MUHAMMAD HIDAYAT', '930825082526', '17219015', 'mpp2016', 5, 1, 0),
(37, 'MOHAMAD LUKMAN', '930425085624', '17219016', 'mpp2016', 5, 1, 0),
(38, 'SYED LUQMAN', '940623085708', '17219017', 'mpp2016', 5, 1, 0),
(39, 'MOHAMAD AMIRUL AFIQ', '930410085657', '17219018', 'mpp2016', 6, 1, 0),
(40, 'NURUL ATIQAH', '920303061235', '17219019', 'mpp2016', 6, 1, 0),
(41, 'SYAZA HAZIRAH', '930109035233', '17219020', 'mpp2016', 6, 1, 0),
(42, 'NORSHAFIKAH', '940203051235', '17219021', 'mpp2016', 7, 1, 0),
(43, 'MIR SHARIAN FALIQ', '930403085659', '17219022', 'mpp2016', 7, 1, 0),
(44, 'SIA CHYN MIN', '930201045277', '17219023', 'mpp2016', 7, 1, 0),
(46, 'SHIRLEY RICE', '951216086071', '17214126', 'mpp2016', 4, 1, 0),
(47, 'LORI WHEELER', '951216085583', '17214172', 'mpp2016', 6, 2, 0),
(48, 'JEAN SIMMONS', '951216085350', '17214477', 'mpp2016', 5, 1, 0),
(49, 'RONALD GARDNER', '951216085482', '17214278', 'mpp2016', 4, 2, 0),
(50, 'JUDITH RILEY', '951216085874', '17214058', 'mpp2016', 7, 1, 0),
(51, 'MICHELLE GEORGE', '951216086159', '17214536', 'mpp2016', 1, 3, 0),
(52, 'GARY WHEELER', '951216085248', '17214787', 'mpp2016', 8, 1, 0),
(54, 'SCOTT WEAVER', '951216086299', '17214763', 'mpp2016', 4, 3, 0),
(55, 'ALAN RAMOS', '951216085135', '17214859', 'mpp2016', 2, 2, 0),
(56, 'FRANK FRAZIER', '951216086118', '17214497', 'mpp2016', 6, 2, 0),
(57, 'BEVERLY LAWRENCE', '951216086189', '17214824', 'mpp2016', 1, 1, 0),
(58, 'MELISSA MCCOY', '951216085875', '17214912', 'mpp2016', 7, 1, 0),
(59, 'KEITH MARTINEZ', '951216086058', '17214499', 'mpp2016', 5, 1, 0),
(60, 'TODD COLLINS', '951216086728', '17214379', 'mpp2016', 5, 2, 0),
(61, 'CARLOS REYES', '951216086478', '17214100', 'mpp2016', 3, 2, 0),
(62, 'MARY SIMPSON', '951216085250', '17214960', 'mpp2016', 2, 2, 0),
(63, 'LISA SIMPSON', '951216085754', '17214659', 'mpp2016', 7, 3, 0),
(64, 'THOMAS MATTHEWS', '951216086786', '17214270', 'mpp2016', 7, 3, 0),
(65, 'ERNEST LEE', '951216085158', '17214402', 'mpp2016', 1, 2, 0),
(66, 'JERRY STANLEY', '951216085646', '17214775', 'mpp2016', 5, 3, 0),
(67, 'BRENDA BROWN', '951216086739', '17214559', 'mpp2016', 1, 3, 0),
(68, 'DANIEL HUGHES', '951216086449', '17214411', 'mpp2016', 4, 3, 0),
(69, 'DORIS LONG', '951216086706', '17214092', 'mpp2016', 2, 3, 0),
(70, 'JUDY ARNOLD', '951216086931', '17214484', 'mpp2016', 8, 2, 0),
(71, 'LOUISE KIM', '951216085118', '17214746', 'mpp2016', 5, 1, 0),
(72, 'ALICE COLLINS', '951216086112', '17214605', 'mpp2016', 6, 3, 0),
(73, 'DIANA LAWRENCE', '951216085245', '17214418', 'mpp2016', 8, 3, 0),
(74, 'RONALD STANLEY', '951216085616', '17214761', 'mpp2016', 2, 3, 0),
(75, 'RAYMOND DIAZ', '951216085722', '17214457', 'mpp2016', 5, 2, 0),
(76, 'JOSHUA WHEELER', '951216086537', '17214137', 'mpp2016', 4, 2, 0),
(77, 'EDWARD GUTIERREZ', '951216086694', '17214434', 'mpp2016', 8, 2, 0),
(78, 'JONATHAN DAY', '951216085553', '17214777', 'mpp2016', 5, 1, 0),
(79, 'MICHELLE MARTINEZ', '951216085777', '17214059', 'mpp2016', 2, 1, 0),
(80, 'MARILYN HOWELL', '951216086180', '17214455', 'mpp2016', 3, 3, 0),
(81, 'SANDRA PETERS', '951216085026', '17214545', 'mpp2016', 4, 2, 0),
(82, 'HENRY BURNS', '951216086607', '17214900', 'mpp2016', 6, 3, 0),
(83, 'TERESA FERNANDEZ', '951216086253', '17214183', 'mpp2016', 7, 2, 0),
(84, 'CHRISTINA HANSEN', '951216085831', '17214716', 'mpp2016', 3, 1, 0),
(85, 'JOSEPH PARKER', '951216085359', '17214748', 'mpp2016', 3, 3, 0),
(86, 'LINDA WHEELER', '951216085156', '17214873', 'mpp2016', 6, 1, 0),
(87, 'GLORIA COX', '951216085775', '17214691', 'mpp2016', 4, 1, 0),
(88, 'RACHEL SIMPSON', '951216085491', '17214649', 'mpp2016', 3, 2, 0),
(89, 'LOUISE REYNOLDS', '951216086757', '17214953', 'mpp2016', 7, 1, 0),
(90, 'MARIE FOWLER', '951216085736', '17214015', 'mpp2016', 1, 3, 0),
(91, 'HELEN LOPEZ', '951216085954', '17214088', 'mpp2016', 5, 2, 0),
(92, 'ALAN ANDERSON', '951216086554', '17214885', 'mpp2016', 3, 1, 0),
(93, 'EVELYN WATSON', '951216085017', '17214165', 'mpp2016', 5, 3, 0),
(94, 'MARTIN WEAVER', '951216085289', '17214596', 'mpp2016', 2, 2, 0),
(95, 'ASHLEY GRAHAM', '951216086370', '17214280', 'mpp2016', 7, 3, 0),
(96, 'JOSHUA PAYNE', '951216085247', '17214670', 'mpp2016', 5, 3, 0),
(97, 'ANDREA HARRIS', '951216086787', '17214218', 'mpp2016', 3, 1, 0),
(98, 'REBECCA ROGERS', '951216085903', '17214311', 'mpp2016', 8, 1, 0),
(99, 'BILLY BERRY', '951216086419', '17214603', 'mpp2016', 1, 3, 0),
(100, 'BEVERLY CRUZ', '951216085137', '17214196', 'mpp2016', 4, 1, 0),
(101, 'LAWRENCE LONG', '951216085418', '17214374', 'mpp2016', 7, 2, 0),
(102, 'GERALD LAWSON', '951216085863', '17214718', 'mpp2016', 5, 1, 0),
(103, 'FRANCES RUSSELL', '951216086589', '17214155', 'mpp2016', 6, 3, 0),
(104, 'FRANK CARR', '951216086253', '17214844', 'mpp2016', 8, 1, 0),
(105, 'LISA SNYDER', '951216085867', '17214063', 'mpp2016', 4, 1, 0),
(106, 'LILLIAN HART', '951216085668', '17214093', 'mpp2016', 3, 3, 0),
(107, 'RUSSELL RODRIGUEZ', '951216086957', '17214132', 'mpp2016', 2, 3, 0),
(108, 'ERNEST PAYNE', '951216085513', '17214184', 'mpp2016', 7, 2, 0),
(109, 'SARAH LONG', '951216086453', '17214613', 'mpp2016', 2, 2, 0),
(110, 'RUBY HARRISON', '951216085649', '17214632', 'mpp2016', 1, 1, 0),
(111, 'BOBBY GILBERT', '951216086032', '17214334', 'mpp2016', 3, 3, 0),
(112, 'RONALD NGUYEN', '951216086034', '17214761', 'mpp2016', 4, 3, 0),
(113, 'ANN WILLIAMS', '951216085659', '17214823', 'mpp2016', 6, 2, 0),
(114, 'MELISSA FREEMAN', '951216086913', '17214340', 'mpp2016', 5, 1, 0),
(115, 'ANTONIO PETERS', '951216086257', '17214544', 'mpp2016', 8, 2, 0),
(116, 'SUSAN JOHNSON', '951216085219', '17214620', 'mpp2016', 6, 2, 0),
(117, 'LOUIS REYNOLDS', '951216086127', '17214768', 'mpp2016', 8, 3, 0),
(118, 'BRIAN GUTIERREZ', '951216086871', '17214188', 'mpp2016', 1, 1, 0),
(119, 'STEVE FIELDS', '951216086286', '17214931', 'mpp2016', 2, 2, 0),
(120, 'JOE FIELDS', '951216085305', '17214486', 'mpp2016', 5, 3, 0),
(121, 'DORIS DUNCAN', '951216085737', '17214220', 'mpp2016', 8, 1, 0),
(122, 'LOUIS HARPER', '951216086275', '17214552', 'mpp2016', 5, 3, 0),
(123, 'RANDY ROBERTSON', '951216085365', '17214162', 'mpp2016', 5, 3, 0),
(124, 'RAYMOND CRAWFORD', '951216085275', '17214984', 'mpp2016', 5, 1, 0),
(125, 'ERIC MONTGOMERY', '951216085144', '17214579', 'mpp2016', 7, 2, 0),
(126, 'STEPHANIE HOLMES', '951216086134', '17214673', 'mpp2016', 8, 3, 0),
(127, 'CHRISTINE HILL', '951216085610', '17214631', 'mpp2016', 2, 2, 0),
(128, 'EARL STONE', '951216086950', '17214538', 'mpp2016', 2, 2, 0),
(129, 'RALPH GONZALES', '951216086814', '17214063', 'mpp2016', 3, 2, 0),
(130, 'BRUCE PERKINS', '951216085987', '17214091', 'mpp2016', 4, 2, 0),
(131, 'CHERYL HOWELL', '951216086114', '17214530', 'mpp2016', 1, 2, 0),
(132, 'EDWARD RODRIGUEZ', '951216086892', '17214471', 'mpp2016', 2, 2, 0),
(133, 'JENNIFER TORRES', '951216086924', '17214545', 'mpp2016', 1, 3, 0),
(134, 'SCOTT CLARK', '951216086466', '17214552', 'mpp2016', 5, 3, 0),
(135, 'TIMOTHY HERNANDEZ', '951216085923', '17214418', 'mpp2016', 4, 3, 0),
(136, 'JOAN DIAZ', '951216085296', '17214690', 'mpp2016', 2, 3, 0),
(137, 'CAROL CARR', '951216085641', '17214206', 'mpp2016', 6, 3, 0),
(138, 'CHRISTINE SMITH', '951216086122', '17214405', 'mpp2016', 3, 2, 0),
(139, 'THOMAS STEWART', '951216086819', '17214368', 'mpp2016', 5, 1, 0),
(140, 'BETTY BAILEY', '951216086129', '17214271', 'mpp2016', 6, 1, 0),
(141, 'ANGELA CRUZ', '951216085362', '17214704', 'mpp2016', 5, 3, 0),
(142, 'EMILY CARTER', '951216085930', '17214170', 'mpp2016', 3, 2, 0),
(143, 'CATHERINE WHEELER', '951216085007', '17214669', 'mpp2016', 8, 3, 0),
(144, 'JAMES LEWIS', '951216086100', '17214496', 'mpp2016', 2, 3, 0),
(145, 'MILDRED STEVENS', '951216085609', '17214964', 'mpp2016', 6, 3, 0),
(146, 'DONALD MILLS', '951216085621', '17214751', 'mpp2016', 5, 3, 0),
(147, 'KENNETH ANDERSON', '951216085626', '17214831', 'mpp2016', 3, 2, 0),
(148, 'BRENDA MORRIS', '951216085679', '17214153', 'mpp2016', 3, 1, 0),
(149, 'KATHLEEN GONZALES', '951216086770', '17214732', 'mpp2016', 7, 2, 0),
(150, 'RAYMOND DUNCAN', '951216085264', '17214998', 'mpp2016', 1, 1, 0),
(151, 'SHIRLEY MEYER', '951216086434', '17214663', 'mpp2016', 8, 1, 0),
(152, 'JEREMY WATKINS', '951216086477', '17214208', 'mpp2016', 7, 3, 0),
(153, 'THOMAS REYES', '951216085611', '17214361', 'mpp2016', 7, 2, 0),
(154, 'RUSSELL BRADLEY', '951216086044', '17214740', 'mpp2016', 5, 1, 0),
(155, 'SARA RICHARDS', '951216085510', '17214725', 'mpp2016', 3, 3, 0),
(156, 'WALTER WEBB', '951216086893', '17214436', 'mpp2016', 6, 1, 0),
(157, 'TIMOTHY DUNN', '951216086903', '17214388', 'mpp2016', 1, 2, 0),
(158, 'SAMUEL BARNES', '951216086312', '17214711', 'mpp2016', 6, 2, 0),
(159, 'JEAN MILLER', '951216086084', '17214731', 'mpp2016', 4, 3, 0),
(160, 'RALPH BARNES', '951216086805', '17214256', 'mpp2016', 5, 1, 0),
(161, 'RAYMOND MENDOZA', '951216085971', '17214052', 'mpp2016', 5, 2, 0),
(162, 'SUSAN CHAVEZ', '951216086829', '17214162', 'mpp2016', 8, 2, 0),
(163, 'JACQUELINE STEPHENS', '951216086680', '17214206', 'mpp2016', 2, 1, 0),
(164, 'EARL WAGNER', '951216086990', '17214658', 'mpp2016', 4, 2, 0),
(165, 'DIANE ROSE', '951216086575', '17214922', 'mpp2016', 2, 2, 0),
(166, 'NORMA ANDREWS', '951216085877', '17214790', 'mpp2016', 6, 2, 0),
(167, 'SARA FOWLER', '951216086760', '17214324', 'mpp2016', 4, 1, 0),
(168, 'LOIS FOX', '951216085159', '17214667', 'mpp2016', 1, 1, 0),
(169, 'DORIS HOWARD', '951216085950', '17214970', 'mpp2016', 8, 2, 0),
(170, 'NANCY WEST', '951216085129', '17214419', 'mpp2016', 7, 1, 0),
(171, 'BONNIE SIMS', '951216086792', '17214428', 'mpp2016', 5, 3, 0),
(172, 'GLORIA RUSSELL', '951216085064', '17214337', 'mpp2016', 6, 3, 0),
(173, 'HARRY SIMMONS', '951216085928', '17214418', 'mpp2016', 4, 3, 0),
(174, 'TERRY WILLIAMSON', '951216086341', '17214033', 'mpp2016', 3, 3, 0),
(175, 'FRANK TURNER', '951216086477', '17214316', 'mpp2016', 5, 3, 0),
(176, 'FRANCES JORDAN', '951216085625', '17214750', 'mpp2016', 7, 1, 0),
(177, 'DONALD BRYANT', '951216085917', '17214116', 'mpp2016', 4, 3, 0),
(178, 'CAROLYN KELLY', '951216085290', '17214863', 'mpp2016', 7, 2, 0),
(179, 'ROBIN NELSON', '951216086372', '17214311', 'mpp2016', 7, 1, 0),
(180, 'DEBRA VASQUEZ', '951216085173', '17214455', 'mpp2016', 4, 3, 0),
(181, 'SHIRLEY JOHNSON', '951216085751', '17214567', 'mpp2016', 1, 1, 0),
(182, 'SCOTT EVANS', '951216086252', '17214776', 'mpp2016', 2, 1, 0),
(183, 'BOBBY MCDONALD', '951216085543', '17214696', 'mpp2016', 7, 2, 0),
(184, 'CHRIS MORENO', '951216086082', '17214568', 'mpp2016', 3, 3, 0),
(185, 'ROBIN JACOBS', '951216085359', '17214903', 'mpp2016', 4, 1, 0),
(186, 'CHRISTINA BURKE', '951216085248', '17214287', 'mpp2016', 7, 3, 0),
(187, 'MARK WEAVER', '951216086407', '17214102', 'mpp2016', 8, 3, 0),
(188, 'ANN CHAVEZ', '951216085631', '17214019', 'mpp2016', 8, 3, 0),
(189, 'STEVEN KELLEY', '951216086362', '17214844', 'mpp2016', 1, 1, 0),
(190, 'GREGORY SMITH', '951216086708', '17214199', 'mpp2016', 2, 1, 0),
(191, 'LINDA EVANS', '951216086256', '17214449', 'mpp2016', 5, 1, 0),
(192, 'ROBERT GRAHAM', '951216086343', '17214006', 'mpp2016', 4, 2, 0),
(193, 'RUTH RYAN', '951216085295', '17214824', 'mpp2016', 7, 1, 0),
(194, 'BRUCE CRUZ', '951216085441', '17214267', 'mpp2016', 3, 1, 0),
(195, 'MARTIN MORGAN', '951216086578', '17214660', 'mpp2016', 8, 1, 0),
(196, 'BRANDON CARR', '951216086311', '17214376', 'mpp2016', 1, 3, 0),
(197, 'SAMUEL FOSTER', '951216086681', '17214139', 'mpp2016', 8, 2, 0),
(198, 'TODD HUGHES', '951216085221', '17214171', 'mpp2016', 2, 3, 0),
(199, 'STEPHANIE FLORES', '951216086448', '17214182', 'mpp2016', 6, 2, 0),
(200, 'DONALD ROMERO', '951216085082', '17214658', 'mpp2016', 2, 3, 0),
(201, 'NICOLE MYERS', '951216086253', '17214762', 'mpp2016', 6, 2, 0),
(202, 'MILDRED CUNNINGHAM', '951216086507', '17214842', 'mpp2016', 4, 2, 0),
(203, 'SCOTT REYNOLDS', '951216086085', '17214475', 'mpp2016', 7, 1, 0),
(204, 'BENJAMIN CRAWFORD', '951216085311', '17214006', 'mpp2016', 3, 3, 0),
(205, 'ANDREA GARRETT', '951216085032', '17214017', 'mpp2016', 3, 1, 0),
(206, 'BETTY ALEXANDER', '951216086290', '17214539', 'mpp2016', 6, 1, 0),
(207, 'DONNA GREEN', '951216085396', '17214205', 'mpp2016', 2, 2, 0),
(208, 'MARTIN RUSSELL', '951216086848', '17214231', 'mpp2016', 3, 1, 0),
(209, 'BETTY BRADLEY', '951216086063', '17214565', 'mpp2016', 4, 2, 0),
(210, 'CHRISTINA GEORGE', '951216085971', '17214820', 'mpp2016', 5, 3, 0),
(211, 'FRED JAMES', '951216085169', '17214156', 'mpp2016', 8, 2, 0),
(212, 'FRED LAWSON', '951216085982', '17214644', 'mpp2016', 4, 3, 0),
(213, 'HAROLD MATTHEWS', '951216085089', '17214405', 'mpp2016', 7, 3, 0),
(214, 'NORMA MARTIN', '951216086544', '17214207', 'mpp2016', 5, 2, 0),
(215, 'KATHLEEN RICE', '951216086189', '17214193', 'mpp2016', 2, 3, 0),
(216, 'THOMAS HALL', '951216085442', '17214824', 'mpp2016', 8, 2, 0),
(217, 'SCOTT STEVENS', '951216086813', '17214542', 'mpp2016', 8, 3, 0),
(218, 'ANTHONY MORRIS', '951216085252', '17214852', 'mpp2016', 8, 1, 0),
(219, 'TIMOTHY LONG', '951216085505', '17214786', 'mpp2016', 3, 3, 0),
(220, 'DIANA MORENO', '951216085192', '17214456', 'mpp2016', 3, 1, 0),
(221, 'TERESA POWELL', '951216086550', '17214885', 'mpp2016', 8, 1, 0),
(222, 'EMILY HAMILTON', '951216086910', '17214945', 'mpp2016', 5, 2, 0),
(223, 'CHRIS RYAN', '951216086043', '17214372', 'mpp2016', 6, 1, 0),
(224, 'JOSE FERGUSON', '951216085758', '17214718', 'mpp2016', 1, 1, 0),
(225, 'ANDREA CARR', '951216086692', '17214256', 'mpp2016', 4, 2, 0),
(226, 'MELISSA TUCKER', '951216085735', '17214781', 'mpp2016', 7, 2, 0),
(227, 'TERESA BROWN', '951216086069', '17214341', 'mpp2016', 8, 1, 0),
(228, 'PHYLLIS HALL', '951216086936', '17214302', 'mpp2016', 3, 3, 0),
(229, 'SUSAN JACOBS', '951216085251', '17214735', 'mpp2016', 4, 3, 0),
(230, 'CATHERINE OLSON', '951216085596', '17214060', 'mpp2016', 6, 1, 0),
(231, 'KAREN TURNER', '951216085263', '17214527', 'mpp2016', 7, 3, 0),
(232, 'JEAN KELLEY', '951216085080', '17214476', 'mpp2016', 3, 1, 0),
(233, 'JOHN BAILEY', '951216085831', '17214791', 'mpp2016', 3, 2, 0),
(234, 'JIMMY LEWIS', '951216085933', '17214510', 'mpp2016', 8, 3, 0),
(235, 'BARBARA GRANT', '951216086236', '17214237', 'mpp2016', 8, 3, 0),
(236, 'RACHEL HALL', '951216085951', '17214427', 'mpp2016', 3, 2, 0),
(237, 'MARY KENNEDY', '951216085749', '17214845', 'mpp2016', 7, 1, 0),
(238, 'WAYNE PERRY', '951216086901', '17214471', 'mpp2016', 6, 2, 0),
(239, 'MARIA WILLIAMSON', '951216086013', '17214370', 'mpp2016', 4, 2, 0),
(240, 'BENJAMIN RICHARDSON', '951216086152', '17214575', 'mpp2016', 5, 3, 0),
(241, 'JUDITH CARROLL', '951216086193', '17214420', 'mpp2016', 6, 2, 0),
(242, 'KATHERINE FOWLER', '951216085902', '17214313', 'mpp2016', 3, 3, 0),
(243, 'JUAN HILL', '951216085340', '17214477', 'mpp2016', 4, 3, 0),
(244, 'KATHY WHEELER', '951216085866', '17214530', 'mpp2016', 6, 1, 0),
(245, 'KATHY KELLEY', '951216085333', '17214726', 'mpp2016', 4, 1, 0),
(246, 'ADAM WEAVER', '951216086702', '17214007', 'mpp2016', 6, 2, 0),
(247, 'ANNA TURNER', '951216085295', '17214201', 'mpp2016', 1, 3, 0),
(248, 'EARL GORDON', '951216086415', '17214991', 'mpp2016', 3, 2, 0),
(249, 'HARRY MORALES', '951216085389', '17214792', 'mpp2016', 1, 3, 0),
(250, 'HOWARD BRYANT', '951216086613', '17214997', 'mpp2016', 6, 1, 0),
(251, 'JIMMY DIAZ', '951216086095', '17214045', 'mpp2016', 6, 1, 0),
(252, 'SARAH WAGNER', '951216085653', '17214227', 'mpp2016', 4, 3, 0),
(253, 'PHYLLIS GONZALEZ', '951216085370', '17214667', 'mpp2016', 8, 1, 0),
(254, 'ROBERT HAYES', '951216085075', '17214614', 'mpp2016', 2, 1, 0),
(255, 'BRIAN HILL', '951216086367', '17214687', 'mpp2016', 6, 1, 0),
(256, 'SARAH CHAPMAN', '951216085967', '17214479', 'mpp2016', 3, 2, 0),
(257, 'WILLIAM KENNEDY', '951216085481', '17214596', 'mpp2016', 4, 1, 0),
(258, 'BENJAMIN WARD', '951216086403', '17214568', 'mpp2016', 5, 1, 0),
(259, 'JERRY POWELL', '951216086740', '17214153', 'mpp2016', 3, 2, 0),
(260, 'ANNE GOMEZ', '951216086092', '17214567', 'mpp2016', 3, 1, 0),
(261, 'CATHERINE MEDINA', '951216085558', '17214312', 'mpp2016', 8, 2, 0),
(262, 'CHARLES BLACK', '951216085190', '17214016', 'mpp2016', 6, 3, 0),
(263, 'JEAN RAMOS', '951216086984', '17214506', 'mpp2016', 6, 3, 0),
(264, 'EVELYN HANSEN', '951216086029', '17214569', 'mpp2016', 6, 2, 0),
(265, 'ERIC KING', '951216086544', '17214767', 'mpp2016', 8, 1, 0),
(266, 'CHRISTINA MASON', '951216086368', '17214442', 'mpp2016', 5, 3, 0),
(267, 'ERNEST JOHNSON', '951216086217', '17214916', 'mpp2016', 5, 2, 0),
(268, 'DEBRA HAYES', '951216086735', '17214830', 'mpp2016', 1, 3, 0),
(269, 'NANCY WHITE', '951216086845', '17214025', 'mpp2016', 3, 1, 0),
(270, 'STEVE PEREZ', '951216085761', '17214998', 'mpp2016', 6, 3, 0),
(271, 'JULIA ANDERSON', '951216085469', '17214304', 'mpp2016', 6, 2, 0),
(272, 'TIMOTHY OLIVER', '951216086577', '17214855', 'mpp2016', 7, 1, 0),
(273, 'CRAIG DIAZ', '951216086840', '17214423', 'mpp2016', 4, 2, 0),
(274, 'TODD MORRISON', '951216086080', '17214596', 'mpp2016', 2, 3, 0),
(275, 'SAMUEL ORTIZ', '951216085243', '17214660', 'mpp2016', 3, 1, 0),
(276, 'PHYLLIS LONG', '951216085429', '17214052', 'mpp2016', 7, 2, 0),
(277, 'JOAN FIELDS', '951216086907', '17214480', 'mpp2016', 1, 1, 0),
(278, 'DENNIS EVANS', '951216086174', '17214079', 'mpp2016', 4, 2, 0),
(279, 'PAMELA RAY', '951216086815', '17214053', 'mpp2016', 5, 1, 0),
(280, 'ANNA RICHARDSON', '951216085594', '17214147', 'mpp2016', 1, 2, 0),
(281, 'BRIAN HARVEY', '951216085912', '17214143', 'mpp2016', 6, 2, 0),
(282, 'JOSE ALLEN', '951216086846', '17214984', 'mpp2016', 5, 2, 0),
(283, 'EDWARD JACKSON', '951216086105', '17214407', 'mpp2016', 8, 3, 0),
(284, 'LAURA CHAPMAN', '951216085483', '17214563', 'mpp2016', 3, 2, 0),
(285, 'PAULA PETERS', '951216085647', '17214815', 'mpp2016', 6, 1, 0),
(286, 'JONATHAN WARREN', '951216085618', '17214196', 'mpp2016', 5, 2, 0),
(287, 'DENNIS HART', '951216086792', '17214698', 'mpp2016', 2, 2, 0),
(288, 'KATHY COLE', '951216086869', '17214127', 'mpp2016', 5, 1, 0),
(289, 'RYAN GUTIERREZ', '951216086221', '17214182', 'mpp2016', 8, 2, 0),
(290, 'TODD PEREZ', '951216086283', '17214149', 'mpp2016', 7, 2, 0),
(291, 'JANICE BOYD', '951216086259', '17214329', 'mpp2016', 1, 3, 0),
(292, 'DAVID MCDONALD', '951216086748', '17214456', 'mpp2016', 5, 1, 0),
(293, 'VICTOR BRADLEY', '951216085027', '17214983', 'mpp2016', 8, 3, 0),
(294, 'LAURA JOHNSON', '951216085381', '17214288', 'mpp2016', 3, 2, 0),
(295, 'JESSICA EDWARDS', '951216085784', '17214909', 'mpp2016', 1, 2, 0),
(296, 'CHERYL WEST', '951216086970', '17214288', 'mpp2016', 6, 1, 0),
(297, 'ASHLEY LANE', '951216085895', '17214746', 'mpp2016', 5, 1, 0),
(298, 'JESSICA GARCIA', '951216086710', '17214632', 'mpp2016', 4, 3, 0),
(299, 'JUAN GARZA', '951216085028', '17214541', 'mpp2016', 3, 3, 0),
(300, 'CHRIS EVANS', '951216085616', '17214656', 'mpp2016', 7, 3, 0),
(301, 'MARIE OWENS', '951216085489', '17214149', 'mpp2016', 7, 1, 0),
(302, 'WILLIAM SNYDER', '951216086204', '17214512', 'mpp2016', 7, 1, 0),
(303, 'MICHELLE THOMPSON', '951216086785', '17214803', 'mpp2016', 1, 3, 0),
(304, 'JOAN OLSON', '951216085821', '17214198', 'mpp2016', 6, 2, 0),
(305, 'ANTONIO BERRY', '951216086879', '17214292', 'mpp2016', 5, 3, 0),
(306, 'SHIRLEY PATTERSON', '951216085575', '17214707', 'mpp2016', 5, 2, 0),
(307, 'ANTONIO FIELDS', '951216085926', '17214702', 'mpp2016', 1, 3, 0),
(308, 'TERESA EVANS', '951216086645', '17214300', 'mpp2016', 4, 1, 0),
(309, 'DENISE CARTER', '951216086429', '17214302', 'mpp2016', 7, 2, 0),
(310, 'DOUGLAS GIBSON', '951216086135', '17214131', 'mpp2016', 3, 1, 0),
(311, 'EVELYN WARD', '951216086673', '17214708', 'mpp2016', 2, 1, 0),
(312, 'TINA FOX', '951216086377', '17214484', 'mpp2016', 2, 1, 0),
(313, 'PAUL FREEMAN', '951216086395', '17214619', 'mpp2016', 8, 2, 0),
(314, 'JUSTIN PRICE', '951216086619', '17214383', 'mpp2016', 7, 1, 0),
(315, 'NORMA WARD', '951216085302', '17214999', 'mpp2016', 4, 2, 0),
(316, 'DOUGLAS PHILLIPS', '951216086455', '17214254', 'mpp2016', 8, 1, 0),
(317, 'CARLOS YOUNG', '951216086210', '17214519', 'mpp2016', 2, 2, 0),
(318, 'DOUGLAS THOMAS', '951216085555', '17214098', 'mpp2016', 8, 3, 0),
(319, 'CAROLYN CAMPBELL', '951216085866', '17214224', 'mpp2016', 5, 1, 0),
(320, 'MARIA SMITH', '951216085101', '17214051', 'mpp2016', 3, 2, 0),
(321, 'SANDRA RAY', '951216086207', '17214374', 'mpp2016', 4, 2, 0),
(322, 'AARON BARNES', '951216085495', '17214474', 'mpp2016', 7, 1, 0),
(323, 'LOUISE SANCHEZ', '951216085050', '17214224', 'mpp2016', 4, 2, 0),
(324, 'CATHERINE HOWELL', '951216085829', '17214246', 'mpp2016', 2, 3, 0),
(325, 'RUSSELL MORENO', '951216086983', '17214185', 'mpp2016', 5, 2, 0),
(326, 'CRAIG THOMAS', '951216085858', '17214341', 'mpp2016', 4, 1, 0),
(327, 'ANNE WILLIS', '951216085262', '17214837', 'mpp2016', 6, 3, 0),
(328, 'ASHLEY BURNS', '951216085470', '17214290', 'mpp2016', 6, 2, 0),
(329, 'PHYLLIS ORTIZ', '951216085481', '17214924', 'mpp2016', 2, 1, 0),
(330, 'WANDA LARSON', '951216086117', '17214924', 'mpp2016', 2, 3, 0),
(331, 'MARGARET GARCIA', '951216086305', '17214327', 'mpp2016', 7, 1, 0),
(332, 'SARA OLIVER', '951216085116', '17214110', 'mpp2016', 3, 2, 0),
(333, 'LAURA WILSON', '951216086920', '17214070', 'mpp2016', 6, 3, 0),
(334, 'DAVID PATTERSON', '951216085552', '17214252', 'mpp2016', 5, 3, 0),
(335, 'SARAH RODRIGUEZ', '951216086538', '17214105', 'mpp2016', 4, 1, 0),
(336, 'CHRISTINA LITTLE', '951216086329', '17214409', 'mpp2016', 2, 1, 0),
(337, 'JULIE PHILLIPS', '951216085523', '17214452', 'mpp2016', 8, 3, 0),
(338, 'WILLIAM DUNCAN', '951216086748', '17214681', 'mpp2016', 7, 2, 0),
(339, 'SCOTT GRAHAM', '951216085636', '17214654', 'mpp2016', 5, 3, 0),
(340, 'JULIE SPENCER', '951216085915', '17214533', 'mpp2016', 8, 1, 0),
(341, 'DAVID RODRIGUEZ', '951216086713', '17214536', 'mpp2016', 1, 2, 0),
(342, 'ROY MURRAY', '951216086363', '17214250', 'mpp2016', 1, 3, 0),
(343, 'MARIE SMITH', '951216085647', '17214464', 'mpp2016', 3, 2, 0),
(344, 'TIMOTHY LEE', '951216085606', '17214015', 'mpp2016', 5, 1, 0),
(345, 'JERRY HOWARD', '951216085433', '17214381', 'mpp2016', 3, 3, 0),
(346, 'TERESA WARD', '951216086041', '17214437', 'mpp2016', 4, 1, 0),
(347, 'RYAN MCCOY', '951216085484', '17214755', 'mpp2016', 5, 2, 0),
(348, 'JOE SANDERS', '951216085127', '17214927', 'mpp2016', 3, 1, 0),
(349, 'LISA STEPHENS', '951216085426', '17214399', 'mpp2016', 7, 1, 0),
(350, 'PATRICIA LAWRENCE', '951216086277', '17214853', 'mpp2016', 8, 2, 0),
(351, 'CHRIS SNYDER', '951216086232', '17214477', 'mpp2016', 1, 1, 0),
(352, 'JONATHAN KIM', '951216086403', '17214454', 'mpp2016', 1, 3, 0),
(353, 'THOMAS CARR', '951216086122', '17214889', 'mpp2016', 5, 1, 0),
(354, 'ROSE TAYLOR', '951216085766', '17214241', 'mpp2016', 4, 3, 0),
(355, 'KATHY ROMERO', '951216086242', '17214959', 'mpp2016', 2, 1, 0),
(356, 'THOMAS MARSHALL', '951216086726', '17214794', 'mpp2016', 3, 1, 0),
(357, 'LOUISE FISHER', '951216085194', '17214360', 'mpp2016', 4, 3, 0),
(358, 'CHRISTOPHER TAYLOR', '951216086418', '17214441', 'mpp2016', 4, 2, 0),
(359, 'TODD GONZALEZ', '951216086720', '17214551', 'mpp2016', 2, 1, 0),
(360, 'CHERYL MEYER', '951216086492', '17214792', 'mpp2016', 3, 3, 0),
(361, 'NICOLE BAKER', '951216086380', '17214158', 'mpp2016', 7, 3, 0),
(363, 'PAULA PHILLIPS', '951216086144', '17214823', 'mpp2016', 1, 3, 0),
(364, 'GARY CRUZ', '951216086665', '17214549', 'mpp2016', 3, 2, 0),
(365, 'RAYMOND BURKE', '951216086395', '17214355', 'mpp2016', 5, 3, 0),
(366, 'NICHOLAS ADAMS', '951216085504', '17214334', 'mpp2016', 8, 1, 0),
(367, 'EUGENE MOORE', '951216086683', '17214788', 'mpp2016', 7, 1, 0),
(368, 'EARL PERKINS', '951216085687', '17214247', 'mpp2016', 6, 2, 0),
(369, 'PHYLLIS BISHOP', '951216085024', '17214006', 'mpp2016', 5, 3, 0),
(370, 'RONALD WEST', '951216086588', '17214826', 'mpp2016', 6, 1, 0),
(371, 'HARRY CRAWFORD', '951216085418', '17214132', 'mpp2016', 2, 1, 0),
(372, 'JACK AUSTIN', '951216086043', '17214753', 'mpp2016', 4, 3, 0),
(373, 'CHARLES OLSON', '951216086261', '17214487', 'mpp2016', 7, 3, 0),
(374, 'RONALD LOPEZ', '951216085381', '17214463', 'mpp2016', 5, 1, 0),
(375, 'DOUGLAS DUNN', '951216085581', '17214656', 'mpp2016', 6, 1, 0),
(376, 'ADAM REYES', '951216085173', '17214638', 'mpp2016', 4, 1, 0),
(377, 'LOUIS ROBINSON', '951216085022', '17214576', 'mpp2016', 1, 3, 0),
(378, 'GARY ANDREWS', '951216085574', '17214352', 'mpp2016', 1, 1, 0),
(379, 'ROSE BROWN', '951216086074', '17214740', 'mpp2016', 3, 2, 0),
(380, 'JEAN DUNCAN', '951216085452', '17214635', 'mpp2016', 4, 3, 0),
(381, 'JOE ANDREWS', '951216085023', '17214069', 'mpp2016', 1, 3, 0),
(382, 'JESSE ARMSTRONG', '951216085519', '17214301', 'mpp2016', 6, 2, 0),
(383, 'JOSE BURKE', '951216085099', '17214988', 'mpp2016', 3, 2, 0),
(384, 'GERALD RYAN', '951216085896', '17214496', 'mpp2016', 8, 1, 0),
(385, 'CHERYL MORENO', '951216086896', '17214254', 'mpp2016', 2, 3, 0),
(386, 'DEBORAH PERKINS', '951216085568', '17214828', 'mpp2016', 1, 1, 0),
(387, 'HENRY SIMMONS', '951216086426', '17214769', 'mpp2016', 6, 3, 0),
(388, 'CARLOS LAWRENCE', '951216086112', '17214582', 'mpp2016', 1, 3, 0),
(389, 'KATHY PRICE', '951216085578', '17214892', 'mpp2016', 6, 3, 0),
(390, 'DENISE CAMPBELL', '951216085236', '17214583', 'mpp2016', 1, 3, 0),
(391, 'HOWARD WRIGHT', '951216085797', '17214687', 'mpp2016', 2, 3, 0),
(392, 'LINDA LANE', '951216085717', '17214227', 'mpp2016', 7, 3, 0),
(393, 'VIRGINIA GARCIA', '951216086953', '17214847', 'mpp2016', 6, 3, 0),
(394, 'PETER SCOTT', '951216085562', '17214396', 'mpp2016', 5, 1, 0),
(395, 'KAREN TAYLOR', '951216085516', '17214555', 'mpp2016', 7, 1, 0),
(396, 'SARA MARTINEZ', '951216086043', '17214262', 'mpp2016', 3, 3, 0),
(397, 'TERRY BRADLEY', '951216086737', '17214985', 'mpp2016', 4, 3, 0),
(398, 'LOIS GRAHAM', '951216085477', '17214916', 'mpp2016', 7, 2, 0),
(399, 'HELEN HUDSON', '951216086854', '17214342', 'mpp2016', 6, 3, 0),
(400, 'GERALD RAMOS', '951216085829', '17214300', 'mpp2016', 2, 3, 0),
(401, 'CYNTHIA PETERSON', '951216086588', '17214392', 'mpp2016', 1, 1, 0),
(402, 'GARY PORTER', '951216086906', '17214635', 'mpp2016', 5, 3, 0),
(403, 'STEPHEN RICHARDS', '951216086279', '17214248', 'mpp2016', 5, 2, 0),
(404, 'JOSHUA HERNANDEZ', '951216086363', '17214639', 'mpp2016', 1, 1, 0),
(405, 'LORI HOWARD', '951216085004', '17214396', 'mpp2016', 5, 1, 0),
(406, 'SAMUEL CAMPBELL', '951216085355', '17214816', 'mpp2016', 1, 2, 0),
(407, 'MARTIN ELLIS', '951216085341', '17214246', 'mpp2016', 8, 3, 0),
(408, 'JAMES EVANS', '951216086749', '17214772', 'mpp2016', 1, 1, 0),
(409, 'JESSICA MONTGOMERY', '951216086569', '17214844', 'mpp2016', 6, 2, 0),
(410, 'JOHNNY MEYER', '951216085485', '17214228', 'mpp2016', 6, 2, 0),
(411, 'BENJAMIN WARREN', '951216085015', '17214913', 'mpp2016', 6, 3, 0),
(412, 'TODD TUCKER', '951216086462', '17214381', 'mpp2016', 1, 3, 0),
(413, 'RANDY JONES', '951216086541', '17214333', 'mpp2016', 7, 2, 0),
(414, 'RACHEL WILLIAMS', '951216086279', '17214432', 'mpp2016', 2, 3, 0),
(415, 'CLARENCE WILSON', '951216085339', '17214321', 'mpp2016', 1, 1, 0),
(416, 'WAYNE WELLS', '951216086172', '17214561', 'mpp2016', 1, 2, 0),
(417, 'JACK SHAW', '951216086202', '17214991', 'mpp2016', 7, 2, 0),
(418, 'EMILY RODRIGUEZ', '951216086375', '17214818', 'mpp2016', 3, 1, 0),
(419, 'MARY FRANKLIN', '951216085335', '17214865', 'mpp2016', 4, 3, 0),
(420, 'HELEN KENNEDY', '951216085793', '17214441', 'mpp2016', 1, 3, 0),
(421, 'ANTHONY BANKS', '951216085690', '17214166', 'mpp2016', 4, 2, 0),
(422, 'CARLOS RUSSELL', '951216086148', '17214874', 'mpp2016', 7, 3, 0),
(423, 'STEVEN POWELL', '951216085478', '17214814', 'mpp2016', 7, 1, 0),
(424, 'ERIC COOPER', '951216086727', '17214679', 'mpp2016', 5, 3, 0),
(425, 'FRED FERNANDEZ', '951216085281', '17214704', 'mpp2016', 7, 2, 0),
(426, 'ALICE AUSTIN', '951216086464', '17214875', 'mpp2016', 2, 2, 0),
(427, 'SAMUEL DEAN', '951216086300', '17214004', 'mpp2016', 7, 2, 0),
(428, 'JAMES DAY', '951216085537', '17214174', 'mpp2016', 6, 3, 0),
(429, 'ROY TAYLOR', '951216085957', '17214515', 'mpp2016', 3, 3, 0),
(430, 'WILLIE LONG', '951216086556', '17214154', 'mpp2016', 8, 1, 0),
(431, 'JUAN CAMPBELL', '951216085743', '17214814', 'mpp2016', 5, 3, 0),
(432, 'RALPH PAYNE', '951216085978', '17214497', 'mpp2016', 3, 1, 0),
(433, 'HAROLD STEWART', '951216085555', '17214897', 'mpp2016', 6, 2, 0),
(434, 'DONNA ALEXANDER', '951216086734', '17214203', 'mpp2016', 3, 3, 0),
(435, 'SAMUEL MONTGOMERY', '951216085945', '17214731', 'mpp2016', 4, 3, 0),
(436, 'ARTHUR FISHER', '951216085538', '17214394', 'mpp2016', 7, 1, 0),
(437, 'JANE GREEN', '951216086607', '17214739', 'mpp2016', 6, 1, 0),
(438, 'JUDITH WEST', '951216085845', '17214895', 'mpp2016', 3, 1, 0),
(439, 'RICHARD STEPHENS', '951216086887', '17214776', 'mpp2016', 8, 1, 0),
(440, 'LOIS MILLER', '951216086449', '17214313', 'mpp2016', 6, 2, 0),
(441, 'JOE BROOKS', '951216086751', '17214010', 'mpp2016', 1, 3, 0),
(442, 'VIRGINIA COOPER', '951216085721', '17214170', 'mpp2016', 1, 2, 0),
(443, 'ASHLEY KNIGHT', '951216086853', '17214540', 'mpp2016', 1, 2, 0),
(444, 'ELIZABETH BENNETT', '951216086780', '17214511', 'mpp2016', 7, 1, 0),
(445, 'SEAN SCOTT', '951216086434', '17214840', 'mpp2016', 7, 2, 0),
(446, 'LILLIAN FOX', '951216085296', '17214738', 'mpp2016', 6, 2, 0),
(447, 'CHRISTINA TURNER', '951216086066', '17214374', 'mpp2016', 5, 2, 0),
(448, 'DENNIS PEREZ', '951216085273', '17214375', 'mpp2016', 3, 3, 0),
(449, 'MARIE SANDERS', '951216086239', '17214451', 'mpp2016', 6, 1, 0),
(450, 'SAMUEL BROWN', '951216085514', '17214010', 'mpp2016', 7, 1, 0),
(451, 'NICHOLAS HAYES', '951216086628', '17214759', 'mpp2016', 8, 3, 0),
(452, 'CARL LARSON', '951216086890', '17214080', 'mpp2016', 8, 1, 0),
(453, 'CHRISTINE HUNTER', '951216086021', '17214030', 'mpp2016', 3, 1, 0),
(454, 'BONNIE WELLS', '951216085627', '17214962', 'mpp2016', 8, 2, 0),
(455, 'DEBORAH ANDERSON', '951216085208', '17214944', 'mpp2016', 6, 3, 0),
(456, 'KEVIN REYES', '951216085168', '17214012', 'mpp2016', 7, 2, 0),
(457, 'JANET PEREZ', '951216085666', '17214151', 'mpp2016', 2, 2, 0),
(458, 'ARTHUR NELSON', '951216085115', '17214948', 'mpp2016', 5, 1, 0),
(459, 'WALTER BENNETT', '951216086213', '17214800', 'mpp2016', 4, 3, 0),
(460, 'DOUGLAS MORRIS', '951216085210', '17214155', 'mpp2016', 8, 2, 0),
(461, 'HEATHER PARKER', '951216085378', '17214304', 'mpp2016', 2, 3, 0),
(462, 'LOUISE GOMEZ', '951216086610', '17214783', 'mpp2016', 5, 3, 0),
(463, 'KATHLEEN MYERS', '951216086580', '17214596', 'mpp2016', 5, 1, 0),
(464, 'KEVIN GARCIA', '951216085823', '17214050', 'mpp2016', 3, 1, 0),
(465, 'MARILYN EDWARDS', '951216086189', '17214777', 'mpp2016', 6, 3, 0),
(466, 'ANTONIO CASTILLO', '951216086055', '17214408', 'mpp2016', 6, 3, 0),
(467, 'CHRISTINE RICHARDS', '951216086777', '17214986', 'mpp2016', 5, 3, 0),
(468, 'BRUCE PORTER', '951216085860', '17214424', 'mpp2016', 8, 3, 0),
(469, 'RANDY DEAN', '951216085003', '17214088', 'mpp2016', 4, 2, 0),
(470, 'CARL OLIVER', '951216085802', '17214885', 'mpp2016', 8, 1, 0),
(471, 'DONALD HAYES', '951216086861', '17214577', 'mpp2016', 1, 3, 0),
(472, 'ANN GOMEZ', '951216085129', '17214067', 'mpp2016', 7, 3, 0),
(473, 'THOMAS DUNN', '951216086309', '17214214', 'mpp2016', 2, 2, 0),
(474, 'EMILY FORD', '951216086394', '17214282', 'mpp2016', 3, 2, 0),
(475, 'CAROL YOUNG', '951216085915', '17214321', 'mpp2016', 2, 3, 0),
(476, 'EUGENE HART', '951216085216', '17214724', 'mpp2016', 5, 1, 0),
(477, 'WILLIAM BOWMAN', '951216086019', '17214907', 'mpp2016', 4, 2, 0),
(478, 'DIANA HENRY', '951216085480', '17214909', 'mpp2016', 6, 3, 0),
(479, 'FRED FRAZIER', '951216085217', '17214442', 'mpp2016', 7, 1, 0),
(480, 'ROY WASHINGTON', '951216085501', '17214285', 'mpp2016', 2, 2, 0),
(481, 'HOWARD COLLINS', '951216086949', '17214957', 'mpp2016', 4, 2, 0),
(482, 'LORI GUTIERREZ', '951216086664', '17214614', 'mpp2016', 2, 3, 0),
(483, 'LOUIS STANLEY', '951216085667', '17214541', 'mpp2016', 5, 1, 0),
(484, 'PHILLIP CUNNINGHAM', '951216085632', '17214112', 'mpp2016', 8, 1, 0),
(485, 'MARY PRICE', '951216085599', '17214289', 'mpp2016', 8, 3, 0),
(486, 'RUTH MARTIN', '951216086857', '17214953', 'mpp2016', 8, 1, 0),
(487, 'GLORIA THOMAS', '951216085396', '17214453', 'mpp2016', 2, 2, 0),
(488, 'BEVERLY CRUZ', '951216086778', '17214201', 'mpp2016', 2, 2, 0),
(489, 'KATHLEEN CARTER', '951216085229', '17214538', 'mpp2016', 7, 2, 0),
(490, 'LILLIAN DAY', '951216085487', '17214716', 'mpp2016', 2, 2, 0),
(491, 'REBECCA WEST', '951216085093', '17214412', 'mpp2016', 2, 1, 0),
(492, 'STEPHANIE AUSTIN', '951216086315', '17214354', 'mpp2016', 4, 2, 0),
(493, 'CHRISTINA GRAHAM', '951216086587', '17214223', 'mpp2016', 7, 1, 0),
(494, 'LARRY PAYNE', '951216085541', '17214492', 'mpp2016', 7, 1, 0),
(495, 'CAROLYN SIMS', '951216086760', '17214420', 'mpp2016', 7, 3, 0),
(496, 'HOWARD FOX', '951216085236', '17214712', 'mpp2016', 6, 2, 0),
(497, 'WILLIAM JOHNSON', '951216086545', '17214798', 'mpp2016', 5, 1, 0),
(498, 'TERESA PEREZ', '951216086212', '17214604', 'mpp2016', 7, 1, 0),
(499, 'SANDRA COOPER', '951216085953', '17214893', 'mpp2016', 4, 3, 0),
(500, 'ALICE OLIVER', '951216085117', '17214921', 'mpp2016', 7, 3, 0),
(501, 'ANGELA STEWART', '951216086343', '17214667', 'mpp2016', 6, 1, 0),
(502, 'ADAM WATKINS', '951216085239', '17214928', 'mpp2016', 3, 2, 0),
(503, 'DANIEL MURRAY', '951216085577', '17214900', 'mpp2016', 6, 1, 0),
(504, 'HENRY POWELL', '951216085556', '17214086', 'mpp2016', 3, 3, 0),
(505, 'RANDY FORD', '951216086043', '17214499', 'mpp2016', 1, 3, 0),
(506, 'KATHERINE STANLEY', '951216085085', '17214620', 'mpp2016', 8, 2, 0),
(507, 'BILLY PETERSON', '951216086356', '17214737', 'mpp2016', 6, 1, 0),
(508, 'ANTONIO RAY', '951216085605', '17214054', 'mpp2016', 6, 3, 0),
(509, 'ALICE LAWRENCE', '951216086842', '17214166', 'mpp2016', 2, 1, 0),
(510, 'TERRY STEWART', '951216085658', '17214776', 'mpp2016', 2, 3, 0),
(511, 'ALICE ROBINSON', '951216085585', '17214220', 'mpp2016', 8, 2, 0),
(512, 'LOIS WOOD', '951216086729', '17214759', 'mpp2016', 1, 3, 0),
(513, 'BEVERLY GRIFFIN', '951216085001', '17214589', 'mpp2016', 6, 3, 0),
(514, 'BRUCE GREENE', '951216086013', '17214061', 'mpp2016', 1, 2, 0),
(515, 'GERALD MARSHALL', '951216085695', '17214496', 'mpp2016', 2, 1, 0),
(516, 'ANDREW MEDINA', '951216086091', '17214955', 'mpp2016', 1, 3, 0),
(517, 'JUAN COLE', '951216085533', '17214167', 'mpp2016', 4, 1, 0),
(518, 'CHRISTINA SNYDER', '951216085039', '17214526', 'mpp2016', 6, 2, 0),
(519, 'BRANDON TURNER', '951216085371', '17214933', 'mpp2016', 5, 1, 0),
(520, 'JOSHUA STEVENS', '951216085459', '17214070', 'mpp2016', 3, 1, 0),
(521, 'VIRGINIA FOSTER', '951216085678', '17214355', 'mpp2016', 5, 1, 0),
(522, 'CATHERINE TUCKER', '951216086371', '17214668', 'mpp2016', 8, 1, 0),
(523, 'ROSE FISHER', '951216086404', '17214488', 'mpp2016', 8, 2, 0),
(524, 'SHARON KELLEY', '951216086706', '17214995', 'mpp2016', 5, 2, 0),
(525, 'MARILYN HANSON', '951216086968', '17214093', 'mpp2016', 2, 3, 0),
(526, 'CYNTHIA CHAVEZ', '951216085104', '17214590', 'mpp2016', 5, 2, 0),
(527, 'ELIZABETH MENDOZA', '951216086618', '17214234', 'mpp2016', 1, 2, 0),
(528, 'GERALD BISHOP', '951216086274', '17214276', 'mpp2016', 8, 1, 0),
(529, 'JACK ANDREWS', '951216085732', '17214868', 'mpp2016', 1, 3, 0),
(530, 'TAMMY TUCKER', '951216085021', '17214867', 'mpp2016', 2, 1, 0),
(531, 'VICTOR PIERCE', '951216086479', '17214484', 'mpp2016', 5, 3, 0),
(532, 'KELLY BARNES', '951216086098', '17214056', 'mpp2016', 7, 3, 0),
(533, 'ERNEST RICHARDSON', '951216086654', '17214651', 'mpp2016', 3, 1, 0),
(534, 'TINA LYNCH', '951216085081', '17214537', 'mpp2016', 5, 1, 0),
(535, 'NANCY SMITH', '951216085446', '17214759', 'mpp2016', 8, 2, 0),
(536, 'JANICE ALLEN', '951216086888', '17214050', 'mpp2016', 1, 2, 0),
(537, 'ROBIN HUDSON', '951216086797', '17214973', 'mpp2016', 4, 1, 0),
(538, 'ANTONIO MITCHELL', '951216086943', '17214424', 'mpp2016', 1, 3, 0),
(539, 'IRENE YOUNG', '951216085643', '17214129', 'mpp2016', 6, 3, 0),
(540, 'JASON ELLIS', '951216086884', '17214198', 'mpp2016', 2, 1, 0),
(541, 'WILLIE MEDINA', '951216085376', '17214260', 'mpp2016', 6, 2, 0),
(542, 'FRANCES MILLS', '951216085140', '17214614', 'mpp2016', 8, 1, 0),
(543, 'JESSICA KELLEY', '951216085358', '17214196', 'mpp2016', 1, 3, 0),
(544, 'KAREN JOHNSON', '951216085590', '17214884', 'mpp2016', 6, 1, 0),
(545, 'NANCY SANDERS', '951216085170', '17214181', 'mpp2016', 8, 2, 0),
(546, 'JASON MATTHEWS', '951216086447', '17214547', 'mpp2016', 2, 2, 0),
(547, 'JANE WILLIS', '951216085691', '17214564', 'mpp2016', 3, 1, 0),
(548, 'MARILYN HOWARD', '951216086698', '17214975', 'mpp2016', 1, 1, 0),
(549, 'RANDY WALLACE', '951216086444', '17214339', 'mpp2016', 6, 2, 0),
(550, 'JULIA HARRIS', '951216085271', '17214681', 'mpp2016', 5, 1, 0),
(551, 'BRUCE WARREN', '951216085527', '17214342', 'mpp2016', 6, 2, 0),
(552, 'RALPH THOMPSON', '951216086412', '17214192', 'mpp2016', 4, 3, 0),
(553, 'BRIAN MORALES', '951216085007', '17214046', 'mpp2016', 3, 3, 0),
(554, 'BRIAN WASHINGTON', '951216086884', '17214940', 'mpp2016', 8, 1, 0),
(555, 'CHERYL GARZA', '951216085917', '17214226', 'mpp2016', 2, 1, 0),
(556, 'KENNETH DUNN', '951216086126', '17214174', 'mpp2016', 2, 1, 0),
(557, 'CAROLYN KENNEDY', '951216085759', '17214063', 'mpp2016', 4, 2, 0),
(558, 'MATTHEW RICHARDS', '951216085111', '17214200', 'mpp2016', 4, 3, 0),
(559, 'JESSE RILEY', '951216085319', '17214922', 'mpp2016', 2, 3, 0),
(560, 'SARA MONTGOMERY', '951216086446', '17214353', 'mpp2016', 8, 2, 0),
(561, 'HELEN JONES', '951216086610', '17214587', 'mpp2016', 7, 3, 0),
(562, 'AMY WELCH', '951216086956', '17214448', 'mpp2016', 7, 2, 0),
(563, 'GREGORY MORALES', '951216086238', '17214806', 'mpp2016', 1, 3, 0),
(564, 'RICHARD WILLIAMS', '951216086433', '17214941', 'mpp2016', 3, 3, 0),
(565, 'CAROLYN MEDINA', '951216086144', '17214351', 'mpp2016', 5, 1, 0),
(566, 'ALAN PARKER', '951216085500', '17214895', 'mpp2016', 4, 1, 0),
(567, 'SANDRA ARNOLD', '951216085234', '17214833', 'mpp2016', 7, 2, 0),
(568, 'LARRY HUDSON', '951216085601', '17214578', 'mpp2016', 4, 1, 0),
(569, 'BENJAMIN WELLS', '951216085835', '17214954', 'mpp2016', 5, 1, 0),
(570, 'STEPHEN TUCKER', '951216086516', '17214370', 'mpp2016', 6, 3, 0),
(571, 'SAMUEL WRIGHT', '951216085576', '17214265', 'mpp2016', 1, 1, 0),
(572, 'CARL DANIELS', '951216086686', '17214614', 'mpp2016', 7, 3, 0),
(573, 'CARL MORGAN', '951216086746', '17214497', 'mpp2016', 4, 3, 0),
(574, 'ANNA MYERS', '951216085669', '17214108', 'mpp2016', 3, 3, 0),
(575, 'ELIZABETH WALKER', '951216085041', '17214226', 'mpp2016', 5, 2, 0),
(576, 'STEPHANIE OLSON', '951216085507', '17214489', 'mpp2016', 4, 1, 0),
(577, 'ROSE RODRIGUEZ', '951216085344', '17214590', 'mpp2016', 3, 3, 0),
(578, 'MELISSA FISHER', '951216086646', '17214875', 'mpp2016', 7, 1, 0),
(579, 'JUDY SPENCER', '951216086972', '17214032', 'mpp2016', 3, 2, 0),
(580, 'CAROL TAYLOR', '951216086972', '17214719', 'mpp2016', 5, 2, 0),
(581, 'RYAN THOMPSON', '951216086354', '17214286', 'mpp2016', 7, 2, 0),
(582, 'NANCY CARROLL', '951216085192', '17214497', 'mpp2016', 7, 2, 0),
(583, 'MARILYN HAMILTON', '951216085104', '17214910', 'mpp2016', 3, 2, 0),
(584, 'CHRIS HICKS', '951216086390', '17214116', 'mpp2016', 4, 1, 0),
(585, 'GLORIA SCHMIDT', '951216086313', '17214675', 'mpp2016', 8, 2, 0),
(586, 'ANNE GARDNER', '951216086326', '17214037', 'mpp2016', 4, 2, 0),
(587, 'WILLIE PAYNE', '951216086923', '17214837', 'mpp2016', 3, 2, 0),
(588, 'CARLOS BROWN', '951216085287', '17214129', 'mpp2016', 1, 1, 0),
(589, 'LORI ALEXANDER', '951216086324', '17214869', 'mpp2016', 3, 3, 0),
(590, 'IRENE WEST', '951216086282', '17214561', 'mpp2016', 2, 3, 0),
(591, 'ANNA SANDERS', '951216086371', '17214658', 'mpp2016', 8, 3, 0),
(592, 'RACHEL POWELL', '951216086034', '17214597', 'mpp2016', 2, 1, 0),
(593, 'ERNEST ROGERS', '951216085556', '17214636', 'mpp2016', 7, 3, 0),
(594, 'KATHERINE COLEMAN', '951216085602', '17214524', 'mpp2016', 8, 3, 0),
(595, 'NICHOLAS RICE', '951216085577', '17214404', 'mpp2016', 8, 1, 0),
(596, 'DIANA HAMILTON', '951216086883', '17214766', 'mpp2016', 3, 1, 0),
(597, 'BOBBY COOK', '951216085583', '17214854', 'mpp2016', 8, 3, 0),
(598, 'ALAN PORTER', '951216085816', '17214120', 'mpp2016', 6, 2, 0),
(599, 'ALICE CHAPMAN', '951216086850', '17214835', 'mpp2016', 1, 2, 0),
(600, 'CRAIG WAGNER', '951216085829', '17214886', 'mpp2016', 1, 1, 0),
(601, 'EDWARD STEVENS', '951216085128', '17214498', 'mpp2016', 3, 1, 0),
(602, 'CHARLES MILLS', '951216085563', '17214725', 'mpp2016', 4, 1, 0),
(603, 'MILDRED MATTHEWS', '951216086798', '17214815', 'mpp2016', 1, 3, 0),
(604, 'KELLY HOLMES', '951216086038', '17214903', 'mpp2016', 5, 1, 0),
(605, 'LORI LARSON', '951216086904', '17214661', 'mpp2016', 8, 1, 0),
(606, 'JAMES ALLEN', '951216086625', '17214656', 'mpp2016', 2, 2, 0),
(607, 'JEFFREY OLIVER', '951216085035', '17214978', 'mpp2016', 1, 3, 0),
(608, 'MICHELLE GREENE', '951216086943', '17214597', 'mpp2016', 2, 1, 0),
(609, 'ANNIE YOUNG', '951216086601', '17214805', 'mpp2016', 6, 1, 0),
(610, 'HELEN GONZALES', '951216085045', '17214898', 'mpp2016', 8, 3, 0),
(611, 'REBECCA STEWART', '951216085247', '17214624', 'mpp2016', 3, 3, 0),
(612, 'TIMOTHY HARPER', '951216085635', '17214361', 'mpp2016', 2, 2, 0),
(613, 'MARGARET MOORE', '951216086813', '17214048', 'mpp2016', 5, 1, 0),
(614, 'MARIE RILEY', '951216086749', '17214263', 'mpp2016', 4, 1, 0),
(615, 'FRED LOPEZ', '951216086649', '17214071', 'mpp2016', 5, 1, 0),
(616, 'KEITH ALEXANDER', '951216086471', '17214336', 'mpp2016', 6, 1, 0),
(617, 'RANDY MENDOZA', '951216085643', '17214050', 'mpp2016', 5, 2, 0),
(618, 'KEITH MORRISON', '951216085529', '17214565', 'mpp2016', 1, 1, 0),
(619, 'JUSTIN HUDSON', '951216086201', '17214212', 'mpp2016', 1, 2, 0),
(620, 'RAYMOND LANE', '951216086012', '17214655', 'mpp2016', 6, 1, 0),
(621, 'GLORIA RAMIREZ', '951216086511', '17214659', 'mpp2016', 5, 1, 0),
(622, 'PAMELA HOWARD', '951216085193', '17214076', 'mpp2016', 8, 2, 0),
(623, 'DANIEL GARDNER', '951216086379', '17214944', 'mpp2016', 3, 3, 0),
(624, 'CYNTHIA LEE', '951216085468', '17214279', 'mpp2016', 3, 2, 0),
(625, 'BENJAMIN HANSEN', '951216085169', '17214836', 'mpp2016', 5, 2, 0),
(626, 'JASON HARRIS', '951216086879', '17214230', 'mpp2016', 6, 2, 0),
(627, 'BETTY GARZA', '951216085007', '17214408', 'mpp2016', 1, 2, 0),
(628, 'KATHRYN GARZA', '951216085483', '17214234', 'mpp2016', 5, 2, 0),
(629, 'TINA WARREN', '951216086352', '17214835', 'mpp2016', 1, 1, 0),
(630, 'ANTONIO ROSS', '951216086892', '17214893', 'mpp2016', 1, 2, 0),
(631, 'CHRISTOPHER TAYLOR', '951216086942', '17214077', 'mpp2016', 1, 3, 0),
(632, 'JOE WEST', '951216086758', '17214910', 'mpp2016', 6, 3, 0),
(633, 'MARIA AUSTIN', '951216085631', '17214495', 'mpp2016', 7, 2, 0),
(634, 'BRENDA BUTLER', '951216085801', '17214325', 'mpp2016', 5, 3, 0),
(635, 'BRENDA STEWART', '951216085249', '17214169', 'mpp2016', 7, 2, 0),
(636, 'DENNIS WASHINGTON', '951216086354', '17214236', 'mpp2016', 6, 2, 0),
(637, 'DEBORAH HANSEN', '951216085171', '17214883', 'mpp2016', 6, 1, 0),
(638, 'HENRY EDWARDS', '951216085166', '17214011', 'mpp2016', 4, 3, 0),
(639, 'DENNIS HARPER', '951216086963', '17214904', 'mpp2016', 6, 2, 0),
(640, 'JESSE FRANKLIN', '951216086740', '17214263', 'mpp2016', 8, 2, 0),
(641, 'PHILLIP MORGAN', '951216085993', '17214589', 'mpp2016', 8, 3, 0),
(642, 'REBECCA BROWN', '951216086302', '17214786', 'mpp2016', 3, 3, 0),
(643, 'MATTHEW STONE', '951216086527', '17214317', 'mpp2016', 2, 1, 0),
(644, 'ERNEST HICKS', '951216086459', '17214242', 'mpp2016', 3, 2, 0),
(689, '22', '22', '22', 'mpp2016', 0, 2019, 0),
(699, 'MOHD ZAKI', '999999898989', '17457567', 'mpp2016', 0, 3, 0),
(700, 'Test Ko', '940215085654', '17244545', 'mpp2016', 1, 2021, 0),
(701, '989898989898', '565656565656', '56565651', 'mpp2016', 2, 2021, 0),
(702, '1234', '1234', '1234', 'mpp2016', 0, 2021, 0),
(703, '123', '121', '1754545', 'mpp2016', 0, 2021, 0),
(704, '12', '12', '12', 'mpp2016', 1, 2021, 0),
(705, '13', '13', '13', 'mpp2016', 1, 2021, 0),
(706, '15', '15', '15', 'mpp2016', 1, 2021, 0),
(707, '1234', '1234', '1234', 'mpp2016', 3, 2022, 0);

-- --------------------------------------------------------

--
-- Table structure for table `jpentadbir`
--

CREATE TABLE IF NOT EXISTS `jpentadbir` (
  `id` int(5) NOT NULL,
  `no_staf` varchar(8) NOT NULL,
  `nama_penuh` varchar(255) NOT NULL,
  `no_kp` varchar(12) NOT NULL,
  `kata_laluan` varchar(45) NOT NULL
) ENGINE=InnoDB AUTO_INCREMENT=6 DEFAULT CHARSET=latin1;

--
-- Dumping data for table `jpentadbir`
--

INSERT INTO `jpentadbir` (`id`, `no_staf`, `nama_penuh`, `no_kp`, `kata_laluan`) VALUES
(3, 'admin', 'Administrator', '930201045266', 'arina'),
(4, 'lecturer', 'Admin2', '940807015124', 'hema'),
(5, '12', '12', '12', 'c20ad4d76fe97759aa27a0c99bff6710');

-- --------------------------------------------------------

--
-- Table structure for table `jsesi`
--

CREATE TABLE IF NOT EXISTS `jsesi` (
  `id` int(11) NOT NULL,
  `nama` varchar(9) NOT NULL
) ENGINE=InnoDB AUTO_INCREMENT=8 DEFAULT CHARSET=latin1;

--
-- Dumping data for table `jsesi`
--

INSERT INTO `jsesi` (`id`, `nama`) VALUES
(1, '2013/2014'),
(2, '2014/2015'),
(3, '2015/2016'),
(4, '2016/2017');

--
-- Indexes for dumped tables
--

--
-- Indexes for table `jcalon`
--
ALTER TABLE `jcalon`
  ADD PRIMARY KEY (`id`);

--
-- Indexes for table `jflag`
--
ALTER TABLE `jflag`
  ADD PRIMARY KEY (`id`),
  ADD UNIQUE KEY `status_pengundian` (`status_pengundian`);

--
-- Indexes for table `jkursus`
--
ALTER TABLE `jkursus`
  ADD PRIMARY KEY (`id`);

--
-- Indexes for table `jpelajar`
--
ALTER TABLE `jpelajar`
  ADD PRIMARY KEY (`id`),
  ADD KEY `id` (`id`);

--
-- Indexes for table `jpentadbir`
--
ALTER TABLE `jpentadbir`
  ADD PRIMARY KEY (`id`),
  ADD UNIQUE KEY `id` (`id`),
  ADD UNIQUE KEY `no_staf` (`no_staf`),
  ADD UNIQUE KEY `no_kp` (`no_kp`);

--
-- Indexes for table `jsesi`
--
ALTER TABLE `jsesi`
  ADD PRIMARY KEY (`id`);

--
-- AUTO_INCREMENT for dumped tables
--

--
-- AUTO_INCREMENT for table `jcalon`
--
ALTER TABLE `jcalon`
  MODIFY `id` int(5) NOT NULL AUTO_INCREMENT,AUTO_INCREMENT=44;
--
-- AUTO_INCREMENT for table `jpelajar`
--
ALTER TABLE `jpelajar`
  MODIFY `id` int(5) NOT NULL AUTO_INCREMENT,AUTO_INCREMENT=709;
--
-- AUTO_INCREMENT for table `jpentadbir`
--
ALTER TABLE `jpentadbir`
  MODIFY `id` int(5) NOT NULL AUTO_INCREMENT,AUTO_INCREMENT=6;
--
-- AUTO_INCREMENT for table `jsesi`
--
ALTER TABLE `jsesi`
  MODIFY `id` int(11) NOT NULL AUTO_INCREMENT,AUTO_INCREMENT=8;
/*!40101 SET CHARACTER_SET_CLIENT=@OLD_CHARACTER_SET_CLIENT */;
/*!40101 SET CHARACTER_SET_RESULTS=@OLD_CHARACTER_SET_RESULTS */;
/*!40101 SET COLLATION_CONNECTION=@OLD_COLLATION_CONNECTION */;
